<?xml version="1.0" encoding="UTF-8" ?>
<!--
 Licensed to the Apache Software Foundation (ASF) under one or more
 contributor license agreements.  See the NOTICE file distributed with
 this work for additional information regarding copyright ownership.
 The ASF licenses this file to You under the Apache License, Version 2.0
 (the "License"); you may not use this file except in compliance with
 the License.  You may obtain a copy of the License at

     http://www.apache.org/licenses/LICENSE-2.0

 Unless required by applicable law or agreed to in writing, software
 distributed under the License is distributed on an "AS IS" BASIS,
 WITHOUT WARRANTIES OR CONDITIONS OF ANY KIND, either express or implied.
 See the License for the specific language governing permissions and
 limitations under the License.
-->

<!-- 
     For more details about configurations options that may appear in
     this file, see http://wiki.apache.org/solr/SolrConfigXml. 
-->
<config>
  <!-- In all configuration below, a prefix of "solr." for class names
       is an alias that causes solr to search appropriate packages,
       including org.apache.solr.(search|update|request|core|analysis)

       You may also specify a fully qualified Java classname if you
       have your own custom plugins.
    -->

  <abortOnConfigurationError>${solr.abortOnConfigurationError:true}</abortOnConfigurationError>
  
  <luceneMatchVersion>LUCENE_36</luceneMatchVersion>

  <lib dir="../../dist/" regex="apache-solr-cell-\d.*\.jar" />
  <lib dir="../../contrib/extraction/lib" regex=".*\.jar" />

  <lib dir="../../dist/" regex="apache-solr-clustering-\d.*\.jar" />
  <lib dir="../../contrib/clustering/lib/" regex=".*\.jar" />

  <lib dir="../../dist/" regex="apache-solr-dataimporthandler-\d.*\.jar" />
  <lib dir="../../contrib/dataimporthandler/lib/" regex=".*\.jar" />
  
  <lib dir="../../dist/" regex="apache-solr-langid-\d.*\.jar" />
  <lib dir="../../contrib/langid/lib/" regex=".*\.jar" />

  <lib dir="../../dist/" regex="apache-solr-velocity-\d.*\.jar" />
  <lib dir="../../contrib/velocity/lib" regex=".*\.jar" />
  
  <!-- Data Directory

       Used to specify an alternate directory to hold all index data
       other than the default ./data under the Solr home.  If
       replication is in use, this should match the replication
       configuration.
    -->
  <dataDir>${solr.data.dir:}</dataDir>


  <!-- The DirectoryFactory to use for indexes.
       
       solr.StandardDirectoryFactory, the default, is filesystem
       based and tries to pick the best implementation for the current
       JVM and platform.  One can force a particular implementation
       via solr.MMapDirectoryFactory, solr.NIOFSDirectoryFactory, or
       solr.SimpleFSDirectoryFactory.

       solr.RAMDirectoryFactory is memory based, not
       persistent, and doesn't work with replication.
    -->
  <directoryFactory name="DirectoryFactory" 
                    class="${solr.directoryFactory:solr.StandardDirectoryFactory}"/>

  <!-- ~~~~~~~~~~~~~~~~~~~~~~~~~~~~~~~~~~~~~~~~~~~~~~~~~~~~~~~~~~~~~~~~~~~~~
       Index Config - These settings control low-level behavior of indexing
       Most example settings here show the default value, but are commented
       out, to more easily see where customizations have been made.
       
       Note: As of Solr 3.6, the <indexDefaults> and <mainIndex> sections
             are deprecated and not shown in the example config. They will 
             still work, but will go away for good in 4.0
       ~~~~~~~~~~~~~~~~~~~~~~~~~~~~~~~~~~~~~~~~~~~~~~~~~~~~~~~~~~~~~~~~~~~~~ -->
  <indexConfig>
    <!-- maxFieldLength specifies max number of *tokens* indexed per field. Default: 10000 -->
    <maxFieldLength>10000</maxFieldLength> 
    <!-- Maximum time to wait for a write lock (ms) for an IndexWriter. Default: 1000 -->
    <writeLockTimeout>1000</writeLockTimeout>

    <!-- ramBufferSizeMB sets the amount of RAM that may be used by Lucene
         indexing for buffering added documents and deletions before they are
         flushed to the Directory.
         maxBufferedDocs sets a limit on the number of documents buffered
         before flushing.
         If both ramBufferSizeMB and maxBufferedDocs is set, then
         Lucene will flush based on whichever limit is hit first.  -->
    <ramBufferSizeMB>32</ramBufferSizeMB>
    <maxBufferedDocs>1000</maxBufferedDocs>


    <!-- Lucene Infostream
       
         To aid in advanced debugging, Lucene provides an "InfoStream"
         of detailed information when indexing.

         Setting The value to true will instruct the underlying Lucene
         IndexWriter to write its debugging info the specified file
      -->
     <!-- <infoStream file="INFOSTREAM.txt">false</infoStream> --> 
  </indexConfig>

  <!-- The default high-performance update handler -->
  <updateHandler class="solr.DirectUpdateHandler2">

    <!-- AutoCommit

         Perform a <commit/> automatically under certain conditions.
         Instead of enabling autoCommit, consider using "commitWithin"
         when adding documents. 

         http://wiki.apache.org/solr/UpdateXmlMessages

         maxDocs - Maximum number of documents to add since the last
                   commit before automatically triggering a new commit.

         maxTime - Maximum amount of time that is allowed to pass
                   since a document was added before automaticly
                   triggering a new commit. 
      -->
       <autoCommit> 
         <maxDocs>10000</maxDocs>
         <maxTime>1000</maxTime> 
       </autoCommit>

  </updateHandler>

  <!-- ~~~~~~~~~~~~~~~~~~~~~~~~~~~~~~~~~~~~~~~~~~~~~~~~~~~~~~~~~~~~~~~~~~~~~
       Query section - these settings control query time things like caches
       ~~~~~~~~~~~~~~~~~~~~~~~~~~~~~~~~~~~~~~~~~~~~~~~~~~~~~~~~~~~~~~~~~~~~~ -->
  <query>
    <!-- Max Boolean Clauses

         Maximum number of clauses in each BooleanQuery,  an exception
         is thrown if exceeded.

         ** WARNING **
         
         This option actually modifies a global Lucene property that
         will affect all SolrCores.  If multiple solrconfig.xml files
         disagree on this property, the value at any given moment will
         be based on the last SolrCore to be initialized.
         
      -->
    <maxBooleanClauses>1024</maxBooleanClauses>

    <!-- Solr Internal Query Caches

         There are two implementations of cache available for Solr,
         LRUCache, based on a synchronized LinkedHashMap, and
         FastLRUCache, based on a ConcurrentHashMap.  

         FastLRUCache has faster gets and slower puts in single
         threaded operation and thus is generally faster than LRUCache
         when the hit ratio of the cache is high (> 75%), and may be
         faster under other scenarios on multi-cpu systems.
    -->

    <!-- Filter Cache

         Cache used by SolrIndexSearcher for filters (DocSets),
         unordered sets of *all* documents that match a query.  When a
         new searcher is opened, its caches may be prepopulated or
         "autowarmed" using data from caches in the old searcher.
         autowarmCount is the number of items to prepopulate.  For
         LRUCache, the autowarmed items will be the most recently
         accessed items.

         Parameters:
           class - the SolrCache implementation LRUCache or
               (LRUCache or FastLRUCache)
           size - the maximum number of entries in the cache
           initialSize - the initial capacity (number of entries) of
               the cache.  (see java.util.HashMap)
           autowarmCount - the number of entries to prepopulate from
               and old cache.  
      -->
    <filterCache class="solr.FastLRUCache"
                 size="512"
                 initialSize="512"
                 autowarmCount="0"/>

    <!-- Query Result Cache
         
         Caches results of searches - ordered lists of document ids
         (DocList) based on a query, a sort, and the range of documents 
         requested.  
      -->
    <queryResultCache class="solr.LRUCache"
                     size="512"
                     initialSize="512"
                     autowarmCount="0"/>
   
    <!-- Document Cache

         Caches Lucene Document objects (the stored fields for each
         document).  Since Lucene internal document ids are transient,
         this cache will not be autowarmed.  
      -->
    <documentCache class="solr.LRUCache"
                   size="512"
                   initialSize="512"
                   autowarmCount="0"/>
    
    <!-- Field Value Cache
         
         Cache used to hold field values that are quickly accessible
         by document id.  The fieldValueCache is created by default
         even if not configured here.
      -->
    <!--
       <fieldValueCache class="solr.FastLRUCache"
                        size="512"
                        autowarmCount="128"
                        showItems="32" />
      -->

    <!-- Custom Cache

         Example of a generic cache.  These caches may be accessed by
         name through SolrIndexSearcher.getCache(),cacheLookup(), and
         cacheInsert().  The purpose is to enable easy caching of
         user/application level data.  The regenerator argument should
         be specified as an implementation of solr.CacheRegenerator 
         if autowarming is desired.  
      -->
    <!--
       <cache name="myUserCache"
              class="solr.LRUCache"
              size="4096"
              initialSize="1024"
              autowarmCount="1024"
              regenerator="com.mycompany.MyRegenerator"
              />
      -->


    <!-- Lazy Field Loading

         If true, stored fields that are not requested will be loaded
         lazily.  This can result in a significant speed improvement
         if the usual case is to not load all stored fields,
         especially if the skipped fields are large compressed text
         fields.
    -->
    <enableLazyFieldLoading>true</enableLazyFieldLoading>

   <!-- Use Filter For Sorted Query

        A possible optimization that attempts to use a filter to
        satisfy a search.  If the requested sort does not include
        score, then the filterCache will be checked for a filter
        matching the query. If found, the filter will be used as the
        source of document ids, and then the sort will be applied to
        that.

        For most situations, this will not be useful unless you
        frequently get the same search repeatedly with different sort
        options, and none of them ever use "score"
     -->
   <!--
      <useFilterForSortedQuery>true</useFilterForSortedQuery>
     -->

   <!-- Result Window Size

        An optimization for use with the queryResultCache.  When a search
        is requested, a superset of the requested number of document ids
        are collected.  For example, if a search for a particular query
        requests matching documents 10 through 19, and queryWindowSize 
        is 50, then documents 0 through 49 will be collected and cached.  
        Any further requests in that range can be satisfied via the cache.  
     -->
   <queryResultWindowSize>20</queryResultWindowSize>

   <!-- Maximum number of documents to cache for any entry in the
        queryResultCache. 
     -->
   <queryResultMaxDocsCached>200</queryResultMaxDocsCached>

    <!-- Use Cold Searcher

         If a search request comes in and there is no current
         registered searcher, then immediately register the still
         warming searcher and use it.  If "false" then all requests
         will block until the first searcher is done warming.
      -->
    <useColdSearcher>false</useColdSearcher>

    <!-- Max Warming Searchers
         
         Maximum number of searchers that may be warming in the
         background concurrently.  An error is returned if this limit
         is exceeded.

         Recommend values of 1-2 for read-only slaves, higher for
         masters w/o cache warming.
      -->
    <maxWarmingSearchers>2</maxWarmingSearchers>

  </query>


  <!-- Request Dispatcher

       This section contains instructions for how the SolrDispatchFilter
       should behave when processing requests for this SolrCore.

       If you wish to regain use of /select?qt=... style request handler
       dispatching, then first add handleSelect="true" to
       <requestDispatcher>. Then change the name of the request handler
       named "/select" to something else without a leading "/", such as
       simply "select" and add default="true" to it.
   -->
  <requestDispatcher>
    <!-- Request Parsing

         These settings indicate how Solr Requests may be parsed, and
         what restrictions may be placed on the ContentStreams from
         those requests

         enableRemoteStreaming - enables use of the stream.file
         and stream.url parameters for specifying remote streams.
         SearchRequestHandler won't fetch it, but some others do.

         multipartUploadLimitInKB - specifies the max size of
         Multipart File Uploads that Solr will allow in a Request.
         
         *** WARNING ***
         The settings below authorize Solr to fetch remote files, You
         should make sure your system has some authentication before
         using enableRemoteStreaming="true"

      --> 
    <requestParsers enableRemoteStreaming="true" 
                    multipartUploadLimitInKB="2048000" />

    <!-- HTTP Caching

         Set HTTP caching related parameters (for proxy caches and clients).

         The options below instruct Solr not to output any HTTP Caching
         related headers
      -->
    <httpCaching never304="true" />
    <!-- If you include a <cacheControl> directive, it will be used to
         generate a Cache-Control header (as well as an Expires header
         if the value contains "max-age=")
         
         By default, no Cache-Control header is generated.
         
         You can use the <cacheControl> option even if you have set
         never304="true"
      -->
    <!--
       <httpCaching never304="true" >
         <cacheControl>max-age=30, public</cacheControl> 
       </httpCaching>
      -->
    <!-- To enable Solr to respond with automatically generated HTTP
         Caching headers, and to response to Cache Validation requests
         correctly, set the value of never304="false"
         
         This will cause Solr to generate Last-Modified and ETag
         headers based on the properties of the Index.

         The following options can also be specified to affect the
         values of these headers...

         lastModFrom - the default value is "openTime" which means the
         Last-Modified value (and validation against If-Modified-Since
         requests) will all be relative to when the current Searcher
         was opened.  You can change it to lastModFrom="dirLastMod" if
         you want the value to exactly correspond to when the physical
         index was last modified.

         etagSeed="..." is an option you can change to force the ETag
         header (and validation against If-None-Match requests) to be
         different even if the index has not changed (ie: when making
         significant changes to your config file)

         (lastModifiedFrom and etagSeed are both ignored if you use
         the never304="true" option)
      -->
    <!--
       <httpCaching lastModifiedFrom="openTime"
                    etagSeed="Solr">
         <cacheControl>max-age=30, public</cacheControl> 
       </httpCaching>
      -->
  </requestDispatcher>

  <!-- Request Handlers 

       http://wiki.apache.org/solr/SolrRequestHandler

       Incoming queries will be dispatched to the correct handler
       based on the matching request path piece.

       If a Request Handler is declared with startup="lazy", then it will
       not be initialized until the first request that uses it.

    -->
  <!-- SearchHandler

       http://wiki.apache.org/solr/SearchHandler

       For processing Search Queries, the primary Request Handler
       provided with Solr is "SearchHandler" It delegates to a sequent
       of SearchComponents (see below) and supports distributed
       queries across multiple shards
    -->
  <requestHandler name="/select" class="solr.SearchHandler">
    <!-- default values for query parameters can be specified, these
         will be overridden by parameters in the request
      -->
     <lst name="defaults">
       <str name="echoParams">explicit</str>
       <int name="rows">10</int>
       <str name="df">text</str>
     </lst>
    <!-- In addition to defaults, "appends" params can be specified
         to identify values which should be appended to the list of
         multi-val params from the query (or the existing "defaults").
      -->
    <!-- In this example, the param "fq=instock:true" would be appended to
         any query time fq params the user may specify, as a mechanism for
         partitioning the index, independent of any user selected filtering
         that may also be desired (perhaps as a result of faceted searching).

         NOTE: there is *absolutely* nothing a client can do to prevent these
         "appends" values from being used, so don't use this mechanism
         unless you are sure you always want it.
      -->
    <!--
       <lst name="appends">
         <str name="fq">inStock:true</str>
       </lst>
      -->
    <!-- "invariants" are a way of letting the Solr maintainer lock down
         the options available to Solr clients.  Any params values
         specified here are used regardless of what values may be specified
         in either the query, the "defaults", or the "appends" params.

         In this example, the facet.field and facet.query params would
         be fixed, limiting the facets clients can use.  Faceting is
         not turned on by default - but if the client does specify
         facet=true in the request, these are the only facets they
         will be able to see counts for; regardless of what other
         facet.field or facet.query params they may specify.

         NOTE: there is *absolutely* nothing a client can do to prevent these
         "invariants" values from being used, so don't use this mechanism
         unless you are sure you always want it.
      -->
    <!--
       <lst name="invariants">
         <str name="facet.field">cat</str>
         <str name="facet.field">manu_exact</str>
         <str name="facet.query">price:[* TO 500]</str>
         <str name="facet.query">price:[500 TO *]</str>
       </lst>
      -->
    <!-- If the default list of SearchComponents is not desired, that
         list can either be overridden completely, or components can be
         prepended or appended to the default list.  (see below)
      -->
    <!--
       <arr name="components">
         <str>nameOfCustomComponent1</str>
         <str>nameOfCustomComponent2</str>
       </arr>
      -->
  </requestHandler>

  <!-- XML Update Request Handler.  
       
       http://wiki.apache.org/solr/UpdateXmlMessages

       The canonical Request Handler for Modifying the Index through
       commands specified using XML.

       Note: Since solr1.1 requestHandlers requires a valid content
       type header if posted in the body. For example, curl now
       requires: -H 'Content-type:text/xml; charset=utf-8'
    -->
  <requestHandler name="/update" 
                  class="solr.XmlUpdateRequestHandler">
    <!-- See below for information on defining 
         updateRequestProcessorChains that can be used by name 
         on each Update Request
      -->
    <!--
       <lst name="defaults">
         <str name="update.chain">dedupe</str>
       </lst>
       -->
    </requestHandler>
  <!-- Binary Update Request Handler
       http://wiki.apache.org/solr/javabin
    -->
  <requestHandler name="/update/javabin" 
                  class="solr.BinaryUpdateRequestHandler" />

  <!-- CSV Update Request Handler
       http://wiki.apache.org/solr/UpdateCSV
    -->
  <requestHandler name="/update/csv" 
                  class="solr.CSVRequestHandler" 
                  startup="lazy" />

  <!-- JSON Update Request Handler
       http://wiki.apache.org/solr/UpdateJSON
    -->
  <requestHandler name="/update/json" 
                  class="solr.JsonUpdateRequestHandler" 
                  startup="lazy" />

  <!-- Solr Cell Update Request Handler

       http://wiki.apache.org/solr/ExtractingRequestHandler 

    -->
  <requestHandler name="/update/extract" 
                  startup="lazy"
                  class="solr.extraction.ExtractingRequestHandler" >
    <lst name="defaults">
      <!-- All the main content goes into "text"... if you need to return
           the extracted text or do highlighting, use a stored field. -->
      <str name="fmap.content">text</str>
      <str name="lowernames">true</str>
      <str name="uprefix">ignored_</str>

      <!-- capture link hrefs but ignore div attributes -->
      <str name="captureAttr">true</str>
      <str name="fmap.a">links</str>
      <str name="fmap.div">ignored_</str>
    </lst>
  </requestHandler>

  <!-- XSLT Update Request Handler
       Transforms incoming XML with stylesheet identified by tr=
  -->
  <requestHandler name="/update/xslt"
                   startup="lazy"
                   class="solr.XsltUpdateRequestHandler"/>

  <!-- Field Analysis Request Handler

       RequestHandler that provides much the same functionality as
       analysis.jsp. Provides the ability to specify multiple field
       types and field names in the same request and outputs
       index-time and query-time analysis for each of them.

       Request parameters are:
       analysis.fieldname - field name whose analyzers are to be used

       analysis.fieldtype - field type whose analyzers are to be used
       analysis.fieldvalue - text for index-time analysis
       q (or analysis.q) - text for query time analysis
       analysis.showmatch (true|false) - When set to true and when
           query analysis is performed, the produced tokens of the
           field value analysis will be marked as "matched" for every
           token that is produces by the query analysis
   -->
  <requestHandler name="/analysis/field" 
                  startup="lazy"
                  class="solr.FieldAnalysisRequestHandler" />


  <!-- Document Analysis Handler

       http://wiki.apache.org/solr/AnalysisRequestHandler

       An analysis handler that provides a breakdown of the analysis
       process of provided docuemnts. This handler expects a (single)
       content stream with the following format:

       <docs>
         <doc>
           <field name="id">1</field>
           <field name="name">The Name</field>
           <field name="text">The Text Value</field>
         </doc>
         <doc>...</doc>
         <doc>...</doc>
         ...
       </docs>

    Note: Each document must contain a field which serves as the
    unique key. This key is used in the returned response to associate
    an analysis breakdown to the analyzed document.

    Like the FieldAnalysisRequestHandler, this handler also supports
    query analysis by sending either an "analysis.query" or "q"
    request parameter that holds the query text to be analyzed. It
    also supports the "analysis.showmatch" parameter which when set to
    true, all field tokens that match the query tokens will be marked
    as a "match". 
  -->
  <requestHandler name="/analysis/document" 
                  class="solr.DocumentAnalysisRequestHandler" 
                  startup="lazy" />

  <!-- Admin Handlers

       Admin Handlers - This will register all the standard admin
       RequestHandlers.  
    -->
  <requestHandler name="/admin/" 
                  class="solr.admin.AdminHandlers" />
  <!-- This single handler is equivalent to the following... -->
  <!--
     <requestHandler name="/admin/luke"       class="solr.admin.LukeRequestHandler" />
     <requestHandler name="/admin/system"     class="solr.admin.SystemInfoHandler" />
     <requestHandler name="/admin/plugins"    class="solr.admin.PluginInfoHandler" />
     <requestHandler name="/admin/threads"    class="solr.admin.ThreadDumpHandler" />
     <requestHandler name="/admin/properties" class="solr.admin.PropertiesRequestHandler" />
     <requestHandler name="/admin/file"       class="solr.admin.ShowFileRequestHandler" >
    -->
  <!-- If you wish to hide files under ${solr.home}/conf, explicitly
       register the ShowFileRequestHandler using: 
    -->
  <!--
     <requestHandler name="/admin/file" 
                     class="solr.admin.ShowFileRequestHandler" >
       <lst name="invariants">
         <str name="hidden">synonyms.txt</str> 
         <str name="hidden">anotherfile.txt</str> 
       </lst>
     </requestHandler>
    -->

  <!-- ping/healthcheck -->
  <requestHandler name="/admin/ping" class="solr.PingRequestHandler">
    <lst name="invariants">
      <str name="q">solrpingquery</str>
    </lst>
    <lst name="defaults">
      <str name="echoParams">all</str>
    </lst>
  </requestHandler>

  <!-- Echo the request contents back to the client -->
  <requestHandler name="/debug/dump" class="solr.DumpRequestHandler" >
    <lst name="defaults">
     <str name="echoParams">explicit</str> 
     <str name="echoHandler">true</str>
    </lst>
  </requestHandler>

  <!-- Solr Replication

       The SolrReplicationHandler supports replicating indexes from a
       "master" used for indexing and "slaves" used for queries.

       http://wiki.apache.org/solr/SolrReplication 

       In the example below, remove the <lst name="master"> section if
       this is just a slave and remove  the <lst name="slave"> section
       if this is just a master.
    -->
  <!--
     <requestHandler name="/replication" class="solr.ReplicationHandler" >
       <lst name="master">
         <str name="replicateAfter">commit</str>
         <str name="replicateAfter">startup</str>
         <str name="confFiles">schema.xml,stopwords.txt</str>
       </lst>
       <lst name="slave">
         <str name="masterUrl">http://localhost:8983/solr/replication</str>
         <str name="pollInterval">00:00:60</str>
       </lst>
     </requestHandler>
    -->

  <!-- Search Components

       Search components are registered to SolrCore and used by 
       instances of SearchHandler (which can access them by name)
       
       By default, the following components are available:
       
       <searchComponent name="query"     class="solr.QueryComponent" />
       <searchComponent name="facet"     class="solr.FacetComponent" />
       <searchComponent name="mlt"       class="solr.MoreLikeThisComponent" />
       <searchComponent name="highlight" class="solr.HighlightComponent" />
       <searchComponent name="stats"     class="solr.StatsComponent" />
       <searchComponent name="debug"     class="solr.DebugComponent" />
   
       Default configuration in a requestHandler would look like:

       <arr name="components">
         <str>query</str>
         <str>facet</str>
         <str>mlt</str>
         <str>highlight</str>
         <str>stats</str>
         <str>debug</str>
       </arr>

       If you register a searchComponent to one of the standard names, 
       that will be used instead of the default.

       To insert components before or after the 'standard' components, use:
    
       <arr name="first-components">
         <str>myFirstComponentName</str>
       </arr>
    
       <arr name="last-components">
         <str>myLastComponentName</str>
       </arr>

       NOTE: The component registered with the name "debug" will
       always be executed after the "last-components" 
       
     -->

  
  <!-- Terms Component

       http://wiki.apache.org/solr/TermsComponent

       A component to return terms and document frequency of those
       terms
    -->
  <searchComponent name="terms" class="solr.TermsComponent"/>

  <!-- A request handler for demonstrating the terms component -->
  <requestHandler name="/terms" class="solr.SearchHandler" startup="lazy">
     <lst name="defaults">
      <bool name="terms">true</bool>
    </lst>     
    <arr name="components">
      <str>terms</str>
    </arr>
  </requestHandler>

  <!-- Legacy config for the admin interface -->
  <admin>
    <defaultQuery>*:*</defaultQuery>

    <!-- configure a healthcheck file for servers behind a
         loadbalancer 
      -->
    <!--
       <healthcheck type="file">server-enabled</healthcheck>
      -->
  </admin>

</config>
